task,prompt,gamma,num_tokens,elapsed_sec,tokens_per_sec
code,Write a Python function that implements binary search on a sorted list.,2,200,1.811,110.4
code,"Write a Python class for a linked list with insert, delete, and search methods.",2,200,1.601,124.9
code,Implement quicksort in Python with detailed comments.,2,200,1.642,121.8
code,Write a Python function to find all prime numbers up to n using the Sieve of Era,2,200,1.786,112.0
code,Create a Python decorator that caches function results with a TTL expiry.,2,200,1.796,111.4
math,"Solve step by step: If 3x + 7 = 22, what is x?",2,187,1.586,117.9
math,A train travels 120 km in 2 hours. It then travels 180 km in 3 hours. What is it,2,158,1.285,123.0
math,Calculate the derivative of f(x) = x^3 * sin(x). Show your work.,2,200,1.588,126.0
math,"If a rectangle has a perimeter of 30 and a width of 5, what is its area?",2,200,1.62,123.5
math,Solve: The sum of three consecutive integers is 72. What are they?,2,200,1.729,115.7
chat,What are the pros and cons of remote work? Give a balanced view.,2,200,1.707,117.2
chat,Explain quantum computing to a 10-year-old.,2,200,1.938,103.2
chat,What are some healthy meal prep ideas for a busy week?,2,200,1.71,117.0
chat,Recommend 5 books for someone who loved Sapiens by Yuval Noah Harari.,2,200,2.008,99.6
chat,What's the difference between machine learning and deep learning?,2,200,1.89,105.8
summarization,Summarize the key ideas behind the theory of relativity in 5 bullet points.,2,200,1.8,111.1
summarization,Explain the main events of World War II in a concise paragraph.,2,200,1.705,117.3
summarization,Summarize how the internet works in simple terms.,2,200,1.798,111.2
summarization,Give a brief overview of the history of artificial intelligence.,2,200,1.73,115.6
summarization,Summarize the plot of Romeo and Juliet in 3 sentences.,2,91,0.861,105.6
code,Write a Python function that implements binary search on a sorted list.,4,200,1.849,108.2
code,"Write a Python class for a linked list with insert, delete, and search methods.",4,200,1.458,137.2
code,Implement quicksort in Python with detailed comments.,4,200,1.556,128.5
code,Write a Python function to find all prime numbers up to n using the Sieve of Era,4,200,1.765,113.3
code,Create a Python decorator that caches function results with a TTL expiry.,4,200,1.829,109.3
math,"Solve step by step: If 3x + 7 = 22, what is x?",4,187,1.447,129.3
math,A train travels 120 km in 2 hours. It then travels 180 km in 3 hours. What is it,4,158,1.242,127.2
math,Calculate the derivative of f(x) = x^3 * sin(x). Show your work.,4,200,1.52,131.6
math,"If a rectangle has a perimeter of 30 and a width of 5, what is its area?",4,200,1.456,137.3
math,Solve: The sum of three consecutive integers is 72. What are they?,4,200,1.727,115.8
chat,What are the pros and cons of remote work? Give a balanced view.,4,200,1.655,120.9
chat,Explain quantum computing to a 10-year-old.,4,200,2.139,93.5
chat,What are some healthy meal prep ideas for a busy week?,4,200,1.658,120.6
chat,Recommend 5 books for someone who loved Sapiens by Yuval Noah Harari.,4,200,2.099,95.3
chat,What's the difference between machine learning and deep learning?,4,200,2.056,97.3
summarization,Summarize the key ideas behind the theory of relativity in 5 bullet points.,4,200,1.851,108.0
summarization,Explain the main events of World War II in a concise paragraph.,4,200,1.684,118.8
summarization,Summarize how the internet works in simple terms.,4,200,2.021,99.0
summarization,Give a brief overview of the history of artificial intelligence.,4,200,1.654,120.9
summarization,Summarize the plot of Romeo and Juliet in 3 sentences.,4,91,0.849,107.1
code,Write a Python function that implements binary search on a sorted list.,6,200,1.889,105.9
code,"Write a Python class for a linked list with insert, delete, and search methods.",6,200,1.399,143.0
code,Implement quicksort in Python with detailed comments.,6,200,1.533,130.5
code,Write a Python function to find all prime numbers up to n using the Sieve of Era,6,200,1.867,107.1
code,Create a Python decorator that caches function results with a TTL expiry.,6,200,1.812,110.3
math,"Solve step by step: If 3x + 7 = 22, what is x?",6,187,1.498,124.8
math,A train travels 120 km in 2 hours. It then travels 180 km in 3 hours. What is it,6,158,1.268,124.6
math,Calculate the derivative of f(x) = x^3 * sin(x). Show your work.,6,200,1.502,133.2
math,"If a rectangle has a perimeter of 30 and a width of 5, what is its area?",6,200,1.402,142.7
math,Solve: The sum of three consecutive integers is 72. What are they?,6,200,1.662,120.3
chat,What are the pros and cons of remote work? Give a balanced view.,6,200,1.701,117.6
chat,Explain quantum computing to a 10-year-old.,6,200,2.413,82.9
chat,What are some healthy meal prep ideas for a busy week?,6,200,1.71,116.9
chat,Recommend 5 books for someone who loved Sapiens by Yuval Noah Harari.,6,200,2.38,84.0
chat,What's the difference between machine learning and deep learning?,6,200,2.246,89.0
summarization,Summarize the key ideas behind the theory of relativity in 5 bullet points.,6,200,1.95,102.6
summarization,Explain the main events of World War II in a concise paragraph.,6,200,1.735,115.3
summarization,Summarize how the internet works in simple terms.,6,200,2.222,90.0
summarization,Give a brief overview of the history of artificial intelligence.,6,200,1.665,120.1
summarization,Summarize the plot of Romeo and Juliet in 3 sentences.,6,91,0.975,93.3
code,Write a Python function that implements binary search on a sorted list.,8,200,2.02,99.0
code,"Write a Python class for a linked list with insert, delete, and search methods.",8,200,1.41,141.9
code,Implement quicksort in Python with detailed comments.,8,200,1.573,127.1
code,Write a Python function to find all prime numbers up to n using the Sieve of Era,8,200,1.972,101.4
code,Create a Python decorator that caches function results with a TTL expiry.,8,200,2.03,98.5
math,"Solve step by step: If 3x + 7 = 22, what is x?",8,187,1.584,118.1
math,A train travels 120 km in 2 hours. It then travels 180 km in 3 hours. What is it,8,158,1.35,117.0
math,Calculate the derivative of f(x) = x^3 * sin(x). Show your work.,8,200,1.538,130.1
math,"If a rectangle has a perimeter of 30 and a width of 5, what is its area?",8,200,1.412,141.6
math,Solve: The sum of three consecutive integers is 72. What are they?,8,200,1.685,118.7
chat,What are the pros and cons of remote work? Give a balanced view.,8,200,1.97,101.5
chat,Explain quantum computing to a 10-year-old.,8,200,2.822,70.9
chat,What are some healthy meal prep ideas for a busy week?,8,200,1.861,107.5
chat,Recommend 5 books for someone who loved Sapiens by Yuval Noah Harari.,8,200,2.649,75.5
chat,What's the difference between machine learning and deep learning?,8,200,2.713,73.7
summarization,Summarize the key ideas behind the theory of relativity in 5 bullet points.,8,200,2.089,95.7
summarization,Explain the main events of World War II in a concise paragraph.,8,200,1.8,111.1
summarization,Summarize how the internet works in simple terms.,8,200,2.428,82.4
summarization,Give a brief overview of the history of artificial intelligence.,8,200,1.92,104.2
summarization,Summarize the plot of Romeo and Juliet in 3 sentences.,8,91,1.109,82.1
code,Write a Python function that implements binary search on a sorted list.,10,200,2.273,88.0
code,"Write a Python class for a linked list with insert, delete, and search methods.",10,200,1.411,141.8
code,Implement quicksort in Python with detailed comments.,10,200,1.624,123.1
code,Write a Python function to find all prime numbers up to n using the Sieve of Era,10,200,2.138,93.6
code,Create a Python decorator that caches function results with a TTL expiry.,10,200,2.208,90.6
math,"Solve step by step: If 3x + 7 = 22, what is x?",10,187,1.612,116.0
math,A train travels 120 km in 2 hours. It then travels 180 km in 3 hours. What is it,10,158,1.328,119.0
math,Calculate the derivative of f(x) = x^3 * sin(x). Show your work.,10,200,1.489,134.3
math,"If a rectangle has a perimeter of 30 and a width of 5, what is its area?",10,200,1.381,144.8
math,Solve: The sum of three consecutive integers is 72. What are they?,10,200,1.87,106.9
chat,What are the pros and cons of remote work? Give a balanced view.,10,200,2.007,99.7
chat,Explain quantum computing to a 10-year-old.,10,200,3.157,63.4
chat,What are some healthy meal prep ideas for a busy week?,10,200,1.87,107.0
chat,Recommend 5 books for someone who loved Sapiens by Yuval Noah Harari.,10,200,3.078,65.0
chat,What's the difference between machine learning and deep learning?,10,200,3.02,66.2
summarization,Summarize the key ideas behind the theory of relativity in 5 bullet points.,10,200,2.403,83.2
summarization,Explain the main events of World War II in a concise paragraph.,10,200,2.021,99.0
summarization,Summarize how the internet works in simple terms.,10,200,2.858,70.0
summarization,Give a brief overview of the history of artificial intelligence.,10,200,1.97,101.5
summarization,Summarize the plot of Romeo and Juliet in 3 sentences.,10,91,1.128,80.7
